Event,Timestamp,Framecount,SessionID,Email,BCIState,InputWindow,InputWindowOrder,InterTrialTimer,InputWindowTimer,GameState,CurrentFabAlarm,AccInputTrialsLeft,AccInputRate,FabInputTrialsLeft,FabInputRate,RejInputTrialsLeft,RejInputRate,AssistSuccessTrialsLeft,AssistSuccessRate,AssistFailTrialsLeft,AssistFailRate,ExplicitShamTrialsLeft,ExplicitShamRate,TrialResult,BCIConfidence,InputNumber,BCIThresholdBuffer,TrialGoal
BCIStateUpdated,2021-08-16 15:23:41.7415,1,789e2fd75b1926e71fcc358f81a774b5,anonymous,Connecting,NULL,NULL,NULL,NULL,NULL,NULL,NULL,NULL,NULL,NULL,NULL,NULL,NULL,NULL,NULL,NULL,NULL,NULL,NULL,NULL,NULL,NULL,NULL
BCIStateUpdated,2021-08-16 15:23:46.0092,6,789e2fd75b1926e71fcc358f81a774b5,anonymous,ReceivingHeader,NULL,NULL,NULL,NULL,NULL,NULL,NULL,NULL,NULL,NULL,NULL,NULL,NULL,NULL,NULL,NULL,NULL,NULL,NULL,NULL,NULL,NULL,NULL
BCIStateUpdated,2021-08-16 15:23:46.2053,12,789e2fd75b1926e71fcc358f81a774b5,anonymous,ReceivingData,NULL,NULL,NULL,NULL,NULL,NULL,NULL,NULL,NULL,NULL,NULL,NULL,NULL,NULL,NULL,NULL,NULL,NULL,NULL,NULL,NULL,NULL,NULL
GameRunning,2021-08-16 15:24:20.1807,1384,789e2fd75b1926e71fcc358f81a774b5,anonymous,NULL,Closed,0,0.0000,0.0000,Running,0.0000,30,0.0000,0,0.0000,0,0.0000,0,0.0000,0,0.0000,0,0.0000,NA,NULL,NULL,NULL,NULL
InputWindowChange,2021-08-16 15:24:35.1616,2025,789e2fd75b1926e71fcc358f81a774b5,anonymous,NULL,Open,0,0.0000,0.0000,Running,4.1617,30,0.0000,0,0.0000,0,0.0000,0,0.0000,0,0.0000,0,0.0000,NA,NULL,NULL,NULL,NULL
MotorImagery,2021-08-16 15:24:35.6487,2047,789e2fd75b1926e71fcc358f81a774b5,anonymous,ReceivingData,NULL,NULL,NULL,NULL,NULL,NULL,NULL,NULL,NULL,NULL,NULL,NULL,NULL,NULL,NULL,NULL,NULL,NULL,NULL,0.8066,1,(0.882 0.856 0.831 0.817 0.818 0.823 0.815 0.807 ),NULL
Rest,2021-08-16 15:24:35.6762,2048,789e2fd75b1926e71fcc358f81a774b5,anonymous,ReceivingData,NULL,NULL,NULL,NULL,NULL,NULL,NULL,NULL,NULL,NULL,NULL,NULL,NULL,NULL,NULL,NULL,NULL,NULL,NULL,0.7459,1,(0.882 0.856 0.831 0.817 0.818 0.823 0.815 0.807 ),NULL
InputWindowChange,2021-08-16 15:24:50.6644,2669,789e2fd75b1926e71fcc358f81a774b5,anonymous,NULL,Open,0,0.0000,0.4943,Running,3.6093,30,0.0000,0,0.0000,0,0.0000,0,0.0000,0,0.0000,0,0.0000,NA,NULL,NULL,NULL,NULL
MotorImagery,2021-08-16 15:24:50.6649,2669,789e2fd75b1926e71fcc358f81a774b5,anonymous,ReceivingData,NULL,NULL,NULL,NULL,NULL,NULL,NULL,NULL,NULL,NULL,NULL,NULL,NULL,NULL,NULL,NULL,NULL,NULL,NULL,0.8151,2,(0.815 0.856 0.831 0.817 0.818 0.823 0.815 0.807 ),NULL
Rest,2021-08-16 15:24:50.6942,2670,789e2fd75b1926e71fcc358f81a774b5,anonymous,ReceivingData,NULL,NULL,NULL,NULL,NULL,NULL,NULL,NULL,NULL,NULL,NULL,NULL,NULL,NULL,NULL,NULL,NULL,NULL,NULL,0.8275,2,(0.815 0.856 0.831 0.817 0.818 0.823 0.815 0.807 ),NULL
InputWindowChange,2021-08-16 15:25:05.6702,3287,789e2fd75b1926e71fcc358f81a774b5,anonymous,NULL,Open,0,0.0000,0.4943,Running,4.3464,30,0.0000,0,0.0000,0,0.0000,0,0.0000,0,0.0000,0,0.0000,NA,NULL,NULL,NULL,NULL
MotorImagery,2021-08-16 15:25:05.8712,3296,789e2fd75b1926e71fcc358f81a774b5,anonymous,ReceivingData,NULL,NULL,NULL,NULL,NULL,NULL,NULL,NULL,NULL,NULL,NULL,NULL,NULL,NULL,NULL,NULL,NULL,NULL,NULL,0.8600,3,(0.815 0.860 0.831 0.817 0.818 0.823 0.815 0.807 ),NULL
Rest,2021-08-16 15:25:05.8834,3297,789e2fd75b1926e71fcc358f81a774b5,anonymous,ReceivingData,NULL,NULL,NULL,NULL,NULL,NULL,NULL,NULL,NULL,NULL,NULL,NULL,NULL,NULL,NULL,NULL,NULL,NULL,NULL,0.8628,3,(0.815 0.860 0.831 0.817 0.818 0.823 0.815 0.807 ),NULL
InputWindowChange,2021-08-16 15:25:20.8834,3958,789e2fd75b1926e71fcc358f81a774b5,anonymous,NULL,Open,0,0.0000,0.7006,Running,2.0838,30,0.0000,0,0.0000,0,0.0000,0,0.0000,0,0.0000,0,0.0000,NA,NULL,NULL,NULL,NULL
MotorImagery,2021-08-16 15:25:20.8845,3958,789e2fd75b1926e71fcc358f81a774b5,anonymous,ReceivingData,NULL,NULL,NULL,NULL,NULL,NULL,NULL,NULL,NULL,NULL,NULL,NULL,NULL,NULL,NULL,NULL,NULL,NULL,NULL,0.9366,4,(0.815 0.860 0.937 0.817 0.818 0.823 0.815 0.807 ),NULL
Rest,2021-08-16 15:25:21.2368,3974,789e2fd75b1926e71fcc358f81a774b5,anonymous,ReceivingData,NULL,NULL,NULL,NULL,NULL,NULL,NULL,NULL,NULL,NULL,NULL,NULL,NULL,NULL,NULL,NULL,NULL,NULL,NULL,0.9354,4,(0.815 0.860 0.937 0.817 0.818 0.823 0.815 0.807 ),NULL
InputWindowChange,2021-08-16 15:25:35.8908,4609,789e2fd75b1926e71fcc358f81a774b5,anonymous,NULL,Open,0,0.0000,0.7006,Running,4.5289,30,0.0000,0,0.0000,0,0.0000,0,0.0000,0,0.0000,0,0.0000,NA,NULL,NULL,NULL,NULL
MotorImagery,2021-08-16 15:25:38.1019,4702,789e2fd75b1926e71fcc358f81a774b5,anonymous,ReceivingData,NULL,NULL,NULL,NULL,NULL,NULL,NULL,NULL,NULL,NULL,NULL,NULL,NULL,NULL,NULL,NULL,NULL,NULL,NULL,0.7548,5,(0.749 0.757 0.723 0.729 0.741 0.779 0.755 0.717 ),NULL
Rest,2021-08-16 15:25:38.1157,4703,789e2fd75b1926e71fcc358f81a774b5,anonymous,ReceivingData,NULL,NULL,NULL,NULL,NULL,NULL,NULL,NULL,NULL,NULL,NULL,NULL,NULL,NULL,NULL,NULL,NULL,NULL,NULL,0.7431,5,(0.749 0.757 0.723 0.729 0.741 0.779 0.755 0.717 ),NULL
InputWindowChange,2021-08-16 15:25:53.1056,5339,789e2fd75b1926e71fcc358f81a774b5,anonymous,NULL,Open,0,0.0000,2.9131,Running,3.2351,30,0.0000,0,0.0000,0,0.0000,0,0.0000,0,0.0000,0,0.0000,NA,NULL,NULL,NULL,NULL
MotorImagery,2021-08-16 15:25:54.9764,5420,789e2fd75b1926e71fcc358f81a774b5,anonymous,ReceivingData,NULL,NULL,NULL,NULL,NULL,NULL,NULL,NULL,NULL,NULL,NULL,NULL,NULL,NULL,NULL,NULL,NULL,NULL,NULL,0.8140,6,(0.840 0.863 0.832 0.817 0.829 0.827 0.814 0.787 ),NULL
Rest,2021-08-16 15:25:55.0042,5421,789e2fd75b1926e71fcc358f81a774b5,anonymous,ReceivingData,NULL,NULL,NULL,NULL,NULL,NULL,NULL,NULL,NULL,NULL,NULL,NULL,NULL,NULL,NULL,NULL,NULL,NULL,NULL,0.8098,6,(0.840 0.863 0.832 0.817 0.829 0.827 0.814 0.787 ),NULL
InputWindowChange,2021-08-16 15:26:09.9780,6040,789e2fd75b1926e71fcc358f81a774b5,anonymous,NULL,Open,0,0.0000,4.7860,Running,3.5128,30,0.0000,0,0.0000,0,0.0000,0,0.0000,0,0.0000,0,0.0000,NA,NULL,NULL,NULL,NULL
MotorImagery,2021-08-16 15:26:11.1858,6091,789e2fd75b1926e71fcc358f81a774b5,anonymous,ReceivingData,NULL,NULL,NULL,NULL,NULL,NULL,NULL,NULL,NULL,NULL,NULL,NULL,NULL,NULL,NULL,NULL,NULL,NULL,NULL,0.8212,7,(0.821 0.711 0.745 0.769 0.780 0.799 0.820 0.812 ),NULL
Rest,2021-08-16 15:26:11.2116,6092,789e2fd75b1926e71fcc358f81a774b5,anonymous,ReceivingData,NULL,NULL,NULL,NULL,NULL,NULL,NULL,NULL,NULL,NULL,NULL,NULL,NULL,NULL,NULL,NULL,NULL,NULL,NULL,0.8132,7,(0.821 0.711 0.745 0.769 0.780 0.799 0.820 0.812 ),NULL
InputWindowChange,2021-08-16 15:26:26.2056,6702,789e2fd75b1926e71fcc358f81a774b5,anonymous,NULL,Open,0,0.0000,5.9924,Running,4.6268,30,0.0000,0,0.0000,0,0.0000,0,0.0000,0,0.0000,0,0.0000,NA,NULL,NULL,NULL,NULL
InputWindowChange,2021-08-16 15:26:26.2454,6704,789e2fd75b1926e71fcc358f81a774b5,anonymous,NULL,Closed,0,0.0357,0.0000,Running,4.6268,30,0.0000,0,0.0000,0,0.0000,0,0.0000,0,0.0000,0,0.0000,NA,NULL,NULL,NULL,NULL
GameDecision,2021-08-16 15:26:26.2497,6704,789e2fd75b1926e71fcc358f81a774b5,anonymous,NULL,Closed,0,0.0357,0.0000,Running,4.6268,30,0.0000,0,0.0000,0,0.0333,0,0.0000,0,0.0000,0,0.0000,RejInput,NULL,NULL,NULL,AccInput
InputWindowChange,2021-08-16 15:26:41.2446,7331,789e2fd75b1926e71fcc358f81a774b5,anonymous,NULL,Open,1,0.0000,0.0000,Running,2.5486,30,0.0000,0,0.0000,0,0.0333,0,0.0000,0,0.0000,0,0.0000,NA,NULL,NULL,NULL,NULL
MotorImagery,2021-08-16 15:26:45.3101,7498,789e2fd75b1926e71fcc358f81a774b5,anonymous,ReceivingData,NULL,NULL,NULL,NULL,NULL,NULL,NULL,NULL,NULL,NULL,NULL,NULL,NULL,NULL,NULL,NULL,NULL,NULL,NULL,0.7713,8,(0.746 0.759 0.755 0.781 0.771 0.712 0.757 0.759 ),NULL
Rest,2021-08-16 15:26:45.3351,7499,789e2fd75b1926e71fcc358f81a774b5,anonymous,ReceivingData,NULL,NULL,NULL,NULL,NULL,NULL,NULL,NULL,NULL,NULL,NULL,NULL,NULL,NULL,NULL,NULL,NULL,NULL,NULL,0.7497,8,(0.746 0.759 0.755 0.781 0.771 0.712 0.757 0.759 ),NULL
InputWindowChange,2021-08-16 15:27:00.3162,8135,789e2fd75b1926e71fcc358f81a774b5,anonymous,NULL,Open,1,0.0000,4.0605,Running,4.6165,30,0.0000,0,0.0000,0,0.0333,0,0.0000,0,0.0000,0,0.0000,NA,NULL,NULL,NULL,NULL
InputWindowChange,2021-08-16 15:27:02.2953,8215,789e2fd75b1926e71fcc358f81a774b5,anonymous,NULL,Closed,1,0.0212,0.0000,Running,4.6165,30,0.0000,0,0.0000,0,0.0333,0,0.0000,0,0.0000,0,0.0000,NA,NULL,NULL,NULL,NULL
GameDecision,2021-08-16 15:27:02.2987,8215,789e2fd75b1926e71fcc358f81a774b5,anonymous,NULL,Closed,1,0.0212,0.0000,Running,4.6165,30,0.0000,0,0.0000,0,0.0667,0,0.0000,0,0.0000,0,0.0000,RejInput,NULL,NULL,NULL,AccInput
InputWindowChange,2021-08-16 15:27:17.2754,8856,789e2fd75b1926e71fcc358f81a774b5,anonymous,NULL,Open,2,0.0000,0.0000,Running,3.4896,30,0.0000,0,0.0000,0,0.0667,0,0.0000,0,0.0000,0,0.0000,NA,NULL,NULL,NULL,NULL
MotorImagery,2021-08-16 15:27:19.3461,8945,789e2fd75b1926e71fcc358f81a774b5,anonymous,ReceivingData,NULL,NULL,NULL,NULL,NULL,NULL,NULL,NULL,NULL,NULL,NULL,NULL,NULL,NULL,NULL,NULL,NULL,NULL,NULL,0.7463,9,(0.746 0.748 0.769 0.736 0.812 0.833 0.785 0.755 ),NULL
Rest,2021-08-16 15:27:19.3767,8946,789e2fd75b1926e71fcc358f81a774b5,anonymous,ReceivingData,NULL,NULL,NULL,NULL,NULL,NULL,NULL,NULL,NULL,NULL,NULL,NULL,NULL,NULL,NULL,NULL,NULL,NULL,NULL,0.7449,9,(0.746 0.748 0.769 0.736 0.812 0.833 0.785 0.755 ),NULL
InputWindowChange,2021-08-16 15:27:34.3570,9577,789e2fd75b1926e71fcc358f81a774b5,anonymous,NULL,Open,2,0.0000,2.0738,Running,1.3155,30,0.0000,0,0.0000,0,0.0667,0,0.0000,0,0.0000,0,0.0000,NA,NULL,NULL,NULL,NULL
MotorImagery,2021-08-16 15:27:36.2173,9653,789e2fd75b1926e71fcc358f81a774b5,anonymous,ReceivingData,NULL,NULL,NULL,NULL,NULL,NULL,NULL,NULL,NULL,NULL,NULL,NULL,NULL,NULL,NULL,NULL,NULL,NULL,NULL,0.7209,10,(0.713 0.717 0.724 0.729 0.727 0.717 0.724 0.721 ),NULL
Rest,2021-08-16 15:27:36.2457,9654,789e2fd75b1926e71fcc358f81a774b5,anonymous,ReceivingData,NULL,NULL,NULL,NULL,NULL,NULL,NULL,NULL,NULL,NULL,NULL,NULL,NULL,NULL,NULL,NULL,NULL,NULL,NULL,0.7017,10,(0.713 0.717 0.724 0.729 0.727 0.717 0.724 0.721 ),NULL
InputWindowChange,2021-08-16 15:27:51.2156,10271,789e2fd75b1926e71fcc358f81a774b5,anonymous,NULL,Open,2,0.0000,3.9317,Running,1.7248,30,0.0000,0,0.0000,0,0.0667,0,0.0000,0,0.0000,0,0.0000,NA,NULL,NULL,NULL,NULL
InputWindowChange,2021-08-16 15:27:53.3013,10355,789e2fd75b1926e71fcc358f81a774b5,anonymous,NULL,Closed,2,0.0141,0.0000,Running,1.7248,30,0.0000,0,0.0000,0,0.0667,0,0.0000,0,0.0000,0,0.0000,NA,NULL,NULL,NULL,NULL
GameDecision,2021-08-16 15:27:53.3023,10355,789e2fd75b1926e71fcc358f81a774b5,anonymous,NULL,Closed,2,0.0141,0.0000,Running,1.7248,30,0.0000,0,0.0000,0,0.1000,0,0.0000,0,0.0000,0,0.0000,RejInput,NULL,NULL,NULL,AccInput
InputWindowChange,2021-08-16 15:28:08.2952,10983,789e2fd75b1926e71fcc358f81a774b5,anonymous,NULL,Open,3,0.0000,0.0000,Running,4.0288,30,0.0000,0,0.0000,0,0.1000,0,0.0000,0,0.0000,0,0.0000,NA,NULL,NULL,NULL,NULL
MotorImagery,2021-08-16 15:28:11.1915,11110,789e2fd75b1926e71fcc358f81a774b5,anonymous,ReceivingData,NULL,NULL,NULL,NULL,NULL,NULL,NULL,NULL,NULL,NULL,NULL,NULL,NULL,NULL,NULL,NULL,NULL,NULL,NULL,0.7834,11,(0.783 0.783 0.731 0.725 0.746 0.738 0.732 0.785 ),NULL
Rest,2021-08-16 15:28:11.2136,11111,789e2fd75b1926e71fcc358f81a774b5,anonymous,ReceivingData,NULL,NULL,NULL,NULL,NULL,NULL,NULL,NULL,NULL,NULL,NULL,NULL,NULL,NULL,NULL,NULL,NULL,NULL,NULL,0.8043,11,(0.783 0.783 0.731 0.725 0.746 0.738 0.732 0.785 ),NULL
InputWindowChange,2021-08-16 15:28:26.2016,11740,789e2fd75b1926e71fcc358f81a774b5,anonymous,NULL,Open,3,0.0000,2.8956,Running,2.9515,30,0.0000,0,0.0000,0,0.1000,0,0.0000,0,0.0000,0,0.0000,NA,NULL,NULL,NULL,NULL
MotorImagery,2021-08-16 15:28:27.5126,11798,789e2fd75b1926e71fcc358f81a774b5,anonymous,ReceivingData,NULL,NULL,NULL,NULL,NULL,NULL,NULL,NULL,NULL,NULL,NULL,NULL,NULL,NULL,NULL,NULL,NULL,NULL,NULL,0.8308,12,(0.781 0.797 0.813 0.826 0.831 0.737 0.712 0.755 ),NULL
Rest,2021-08-16 15:28:27.5392,11799,789e2fd75b1926e71fcc358f81a774b5,anonymous,ReceivingData,NULL,NULL,NULL,NULL,NULL,NULL,NULL,NULL,NULL,NULL,NULL,NULL,NULL,NULL,NULL,NULL,NULL,NULL,NULL,0.8205,12,(0.781 0.797 0.813 0.826 0.831 0.737 0.712 0.755 ),NULL
InputWindowChange,2021-08-16 15:28:42.5468,12425,789e2fd75b1926e71fcc358f81a774b5,anonymous,NULL,Open,3,0.0000,4.2085,Running,1.7846,30,0.0000,0,0.0000,0,0.1000,0,0.0000,0,0.0000,0,0.0000,NA,NULL,NULL,NULL,NULL
MotorImagery,2021-08-16 15:28:43.4378,12460,789e2fd75b1926e71fcc358f81a774b5,anonymous,ReceivingData,NULL,NULL,NULL,NULL,NULL,NULL,NULL,NULL,NULL,NULL,NULL,NULL,NULL,NULL,NULL,NULL,NULL,NULL,NULL,0.7167,13,(0.801 0.791 0.761 0.717 0.725 0.754 0.811 0.820 ),NULL
Rest,2021-08-16 15:28:43.4662,12461,789e2fd75b1926e71fcc358f81a774b5,anonymous,ReceivingData,NULL,NULL,NULL,NULL,NULL,NULL,NULL,NULL,NULL,NULL,NULL,NULL,NULL,NULL,NULL,NULL,NULL,NULL,NULL,0.6438,13,(0.801 0.791 0.761 0.717 0.725 0.754 0.811 0.820 ),NULL
InputWindowChange,2021-08-16 15:28:58.4779,13076,789e2fd75b1926e71fcc358f81a774b5,anonymous,NULL,Open,3,0.0000,5.1074,Running,1.3634,30,0.0000,0,0.0000,0,0.1000,0,0.0000,0,0.0000,0,0.0000,NA,NULL,NULL,NULL,NULL
InputWindowChange,2021-08-16 15:28:59.3837,13111,789e2fd75b1926e71fcc358f81a774b5,anonymous,NULL,Closed,3,0.0131,0.0000,Running,1.3634,30,0.0000,0,0.0000,0,0.1000,0,0.0000,0,0.0000,0,0.0000,NA,NULL,NULL,NULL,NULL
GameDecision,2021-08-16 15:28:59.3859,13111,789e2fd75b1926e71fcc358f81a774b5,anonymous,NULL,Closed,3,0.0131,0.0000,Running,1.3634,30,0.0000,0,0.0000,0,0.1333,0,0.0000,0,0.0000,0,0.0000,RejInput,NULL,NULL,NULL,AccInput
InputWindowChange,2021-08-16 15:29:14.3773,13739,789e2fd75b1926e71fcc358f81a774b5,anonymous,NULL,Open,4,0.0000,0.0000,Running,2.3912,30,0.0000,0,0.0000,0,0.1333,0,0.0000,0,0.0000,0,0.0000,NA,NULL,NULL,NULL,NULL
MotorImagery,2021-08-16 15:29:16.5787,13831,789e2fd75b1926e71fcc358f81a774b5,anonymous,ReceivingData,NULL,NULL,NULL,NULL,NULL,NULL,NULL,NULL,NULL,NULL,NULL,NULL,NULL,NULL,NULL,NULL,NULL,NULL,NULL,0.7200,14,(0.805 0.809 0.755 0.720 0.743 0.767 0.814 0.838 ),NULL
Rest,2021-08-16 15:29:16.6059,13832,789e2fd75b1926e71fcc358f81a774b5,anonymous,ReceivingData,NULL,NULL,NULL,NULL,NULL,NULL,NULL,NULL,NULL,NULL,NULL,NULL,NULL,NULL,NULL,NULL,NULL,NULL,NULL,0.7231,14,(0.805 0.809 0.755 0.720 0.743 0.767 0.814 0.838 ),NULL
InputWindowChange,2021-08-16 15:29:31.6064,14471,789e2fd75b1926e71fcc358f81a774b5,anonymous,NULL,Open,4,0.0000,2.2014,Running,1.8935,30,0.0000,0,0.0000,0,0.1333,0,0.0000,0,0.0000,0,0.0000,NA,NULL,NULL,NULL,NULL
MotorImagery,2021-08-16 15:29:31.7769,14478,789e2fd75b1926e71fcc358f81a774b5,anonymous,ReceivingData,NULL,NULL,NULL,NULL,NULL,NULL,NULL,NULL,NULL,NULL,NULL,NULL,NULL,NULL,NULL,NULL,NULL,NULL,NULL,0.7315,15,(0.805 0.809 0.755 0.720 0.732 0.767 0.814 0.838 ),NULL
Rest,2021-08-16 15:29:31.8042,14479,789e2fd75b1926e71fcc358f81a774b5,anonymous,ReceivingData,NULL,NULL,NULL,NULL,NULL,NULL,NULL,NULL,NULL,NULL,NULL,NULL,NULL,NULL,NULL,NULL,NULL,NULL,NULL,0.7355,15,(0.805 0.809 0.755 0.720 0.732 0.767 0.814 0.838 ),NULL
InputWindowChange,2021-08-16 15:29:46.7840,15105,789e2fd75b1926e71fcc358f81a774b5,anonymous,NULL,Open,4,0.0000,2.3694,Running,4.0317,30,0.0000,0,0.0000,0,0.1333,0,0.0000,0,0.0000,0,0.0000,NA,NULL,NULL,NULL,NULL
MotorImagery,2021-08-16 15:29:46.7858,15105,789e2fd75b1926e71fcc358f81a774b5,anonymous,ReceivingData,NULL,NULL,NULL,NULL,NULL,NULL,NULL,NULL,NULL,NULL,NULL,NULL,NULL,NULL,NULL,NULL,NULL,NULL,NULL,0.8562,16,(0.805 0.809 0.755 0.720 0.732 0.856 0.814 0.838 ),NULL
Rest,2021-08-16 15:29:46.8118,15106,789e2fd75b1926e71fcc358f81a774b5,anonymous,ReceivingData,NULL,NULL,NULL,NULL,NULL,NULL,NULL,NULL,NULL,NULL,NULL,NULL,NULL,NULL,NULL,NULL,NULL,NULL,NULL,0.8566,16,(0.805 0.809 0.755 0.720 0.732 0.856 0.814 0.838 ),NULL
InputWindowChange,2021-08-16 15:30:01.7831,15727,789e2fd75b1926e71fcc358f81a774b5,anonymous,NULL,Open,4,0.0000,2.3694,Running,2.2983,30,0.0000,0,0.0000,0,0.1333,0,0.0000,0,0.0000,0,0.0000,NA,NULL,NULL,NULL,NULL
MotorImagery,2021-08-16 15:30:02.0128,15736,789e2fd75b1926e71fcc358f81a774b5,anonymous,ReceivingData,NULL,NULL,NULL,NULL,NULL,NULL,NULL,NULL,NULL,NULL,NULL,NULL,NULL,NULL,NULL,NULL,NULL,NULL,NULL,0.7595,17,(0.805 0.809 0.755 0.720 0.732 0.856 0.759 0.838 ),NULL
Rest,2021-08-16 15:30:02.0342,15737,789e2fd75b1926e71fcc358f81a774b5,anonymous,ReceivingData,NULL,NULL,NULL,NULL,NULL,NULL,NULL,NULL,NULL,NULL,NULL,NULL,NULL,NULL,NULL,NULL,NULL,NULL,NULL,0.7501,17,(0.805 0.809 0.755 0.720 0.732 0.856 0.759 0.838 ),NULL
InputWindowChange,2021-08-16 15:30:17.0238,16358,789e2fd75b1926e71fcc358f81a774b5,anonymous,NULL,Open,4,0.0000,2.5953,Running,2.4746,30,0.0000,0,0.0000,0,0.1333,0,0.0000,0,0.0000,0,0.0000,NA,NULL,NULL,NULL,NULL
MotorImagery,2021-08-16 15:30:18.8277,16434,789e2fd75b1926e71fcc358f81a774b5,anonymous,ReceivingData,NULL,NULL,NULL,NULL,NULL,NULL,NULL,NULL,NULL,NULL,NULL,NULL,NULL,NULL,NULL,NULL,NULL,NULL,NULL,0.7226,18,(0.720 0.741 0.736 0.732 0.723 0.753 0.772 0.738 ),NULL
Rest,2021-08-16 15:30:18.8495,16435,789e2fd75b1926e71fcc358f81a774b5,anonymous,ReceivingData,NULL,NULL,NULL,NULL,NULL,NULL,NULL,NULL,NULL,NULL,NULL,NULL,NULL,NULL,NULL,NULL,NULL,NULL,NULL,0.7217,18,(0.720 0.741 0.736 0.732 0.723 0.753 0.772 0.738 ),NULL
InputWindowChange,2021-08-16 15:30:33.8386,17071,789e2fd75b1926e71fcc358f81a774b5,anonymous,NULL,Open,4,0.0000,4.4008,Running,3.5398,30,0.0000,0,0.0000,0,0.1333,0,0.0000,0,0.0000,0,0.0000,NA,NULL,NULL,NULL,NULL
InputWindowChange,2021-08-16 15:30:35.4420,17136,789e2fd75b1926e71fcc358f81a774b5,anonymous,NULL,Closed,4,0.0063,0.0000,Running,3.5398,30,0.0000,0,0.0000,0,0.1333,0,0.0000,0,0.0000,0,0.0000,NA,NULL,NULL,NULL,NULL
GameDecision,2021-08-16 15:30:35.4441,17136,789e2fd75b1926e71fcc358f81a774b5,anonymous,NULL,Closed,4,0.0063,0.0000,Running,3.5398,30,0.0000,0,0.0000,0,0.1667,0,0.0000,0,0.0000,0,0.0000,RejInput,NULL,NULL,NULL,AccInput
InputWindowChange,2021-08-16 15:30:50.4486,17752,789e2fd75b1926e71fcc358f81a774b5,anonymous,NULL,Open,5,0.0000,0.0000,Running,3.4932,30,0.0000,0,0.0000,0,0.1667,0,0.0000,0,0.0000,0,0.0000,NA,NULL,NULL,NULL,NULL
MotorImagery,2021-08-16 15:30:55.4157,17957,789e2fd75b1926e71fcc358f81a774b5,anonymous,ReceivingData,NULL,NULL,NULL,NULL,NULL,NULL,NULL,NULL,NULL,NULL,NULL,NULL,NULL,NULL,NULL,NULL,NULL,NULL,NULL,0.7590,19,(0.742 0.773 0.785 0.780 0.770 0.759 0.727 0.728 ),NULL
Rest,2021-08-16 15:30:55.4427,17958,789e2fd75b1926e71fcc358f81a774b5,anonymous,ReceivingData,NULL,NULL,NULL,NULL,NULL,NULL,NULL,NULL,NULL,NULL,NULL,NULL,NULL,NULL,NULL,NULL,NULL,NULL,NULL,0.7613,19,(0.742 0.773 0.785 0.780 0.770 0.759 0.727 0.728 ),NULL
InputWindowChange,2021-08-16 15:31:10.4279,18518,789e2fd75b1926e71fcc358f81a774b5,anonymous,NULL,Open,5,0.0000,4.9681,Running,2.0084,30,0.0000,0,0.0000,0,0.1667,0,0.0000,0,0.0000,0,0.0000,NA,NULL,NULL,NULL,NULL
InputWindowChange,2021-08-16 15:31:11.4711,18559,789e2fd75b1926e71fcc358f81a774b5,anonymous,NULL,Closed,5,0.0202,0.0000,Running,2.0084,30,0.0000,0,0.0000,0,0.1667,0,0.0000,0,0.0000,0,0.0000,NA,NULL,NULL,NULL,NULL
GameDecision,2021-08-16 15:31:11.4721,18559,789e2fd75b1926e71fcc358f81a774b5,anonymous,NULL,Closed,5,0.0202,0.0000,Running,2.0084,30,0.0000,0,0.0000,0,0.2000,0,0.0000,0,0.0000,0,0.0000,RejInput,NULL,NULL,NULL,AccInput
InputWindowChange,2021-08-16 15:31:26.4690,19178,789e2fd75b1926e71fcc358f81a774b5,anonymous,NULL,Open,6,0.0000,0.0000,Running,2.8898,30,0.0000,0,0.0000,0,0.2000,0,0.0000,0,0.0000,0,0.0000,NA,NULL,NULL,NULL,NULL
InputWindowChange,2021-08-16 15:31:32.4919,19436,789e2fd75b1926e71fcc358f81a774b5,anonymous,NULL,Closed,6,0.0204,0.0000,Running,2.8898,30,0.0000,0,0.0000,0,0.2000,0,0.0000,0,0.0000,0,0.0000,NA,NULL,NULL,NULL,NULL
GameDecision,2021-08-16 15:31:32.4974,19436,789e2fd75b1926e71fcc358f81a774b5,anonymous,NULL,Closed,6,0.0204,0.0000,Running,2.8898,30,0.0000,0,0.0000,0,0.2333,0,0.0000,0,0.0000,0,0.0000,RejInput,NULL,NULL,NULL,AccInput
InputWindowChange,2021-08-16 15:31:47.4722,20067,789e2fd75b1926e71fcc358f81a774b5,anonymous,NULL,Open,7,0.0000,0.0000,Running,2.3505,30,0.0000,0,0.0000,0,0.2333,0,0.0000,0,0.0000,0,0.0000,NA,NULL,NULL,NULL,NULL
InputWindowChange,2021-08-16 15:31:53.4695,20319,789e2fd75b1926e71fcc358f81a774b5,anonymous,NULL,Closed,7,0.0010,0.0000,Running,2.3505,30,0.0000,0,0.0000,0,0.2333,0,0.0000,0,0.0000,0,0.0000,NA,NULL,NULL,NULL,NULL
GameDecision,2021-08-16 15:31:53.4710,20319,789e2fd75b1926e71fcc358f81a774b5,anonymous,NULL,Closed,7,0.0010,0.0000,Running,2.3505,30,0.0000,0,0.0000,0,0.2667,0,0.0000,0,0.0000,0,0.0000,RejInput,NULL,NULL,NULL,AccInput
InputWindowChange,2021-08-16 15:32:08.4917,20944,789e2fd75b1926e71fcc358f81a774b5,anonymous,NULL,Open,8,0.0000,0.0000,Running,3.5440,30,0.0000,0,0.0000,0,0.2667,0,0.0000,0,0.0000,0,0.0000,NA,NULL,NULL,NULL,NULL
InputWindowChange,2021-08-16 15:32:14.5013,21191,789e2fd75b1926e71fcc358f81a774b5,anonymous,NULL,Closed,8,0.0077,0.0000,Running,3.5440,30,0.0000,0,0.0000,0,0.2667,0,0.0000,0,0.0000,0,0.0000,NA,NULL,NULL,NULL,NULL
GameDecision,2021-08-16 15:32:14.5023,21191,789e2fd75b1926e71fcc358f81a774b5,anonymous,NULL,Closed,8,0.0077,0.0000,Running,3.5440,30,0.0000,0,0.0000,0,0.3000,0,0.0000,0,0.0000,0,0.0000,RejInput,NULL,NULL,NULL,AccInput
InputWindowChange,2021-08-16 15:32:29.4862,21802,789e2fd75b1926e71fcc358f81a774b5,anonymous,NULL,Open,9,0.0000,0.0000,Running,2.8263,30,0.0000,0,0.0000,0,0.3000,0,0.0000,0,0.0000,0,0.0000,NA,NULL,NULL,NULL,NULL
InputWindowChange,2021-08-16 15:32:35.5048,22055,789e2fd75b1926e71fcc358f81a774b5,anonymous,NULL,Closed,9,0.0132,0.0000,Running,2.8263,30,0.0000,0,0.0000,0,0.3000,0,0.0000,0,0.0000,0,0.0000,NA,NULL,NULL,NULL,NULL
GameDecision,2021-08-16 15:32:35.5063,22055,789e2fd75b1926e71fcc358f81a774b5,anonymous,NULL,Closed,9,0.0132,0.0000,Running,2.8263,30,0.0000,0,0.0000,0,0.3333,0,0.0000,0,0.0000,0,0.0000,RejInput,NULL,NULL,NULL,AccInput
InputWindowChange,2021-08-16 15:32:50.5135,22695,789e2fd75b1926e71fcc358f81a774b5,anonymous,NULL,Open,10,0.0000,0.0000,Running,1.3357,30,0.0000,0,0.0000,0,0.3333,0,0.0000,0,0.0000,0,0.0000,NA,NULL,NULL,NULL,NULL
InputWindowChange,2021-08-16 15:32:56.5145,22945,789e2fd75b1926e71fcc358f81a774b5,anonymous,NULL,Closed,10,0.0018,0.0000,Running,1.3357,30,0.0000,0,0.0000,0,0.3333,0,0.0000,0,0.0000,0,0.0000,NA,NULL,NULL,NULL,NULL
GameDecision,2021-08-16 15:32:56.5161,22945,789e2fd75b1926e71fcc358f81a774b5,anonymous,NULL,Closed,10,0.0018,0.0000,Running,1.3357,30,0.0000,0,0.0000,0,0.3667,0,0.0000,0,0.0000,0,0.0000,RejInput,NULL,NULL,NULL,AccInput
GameStopped,2021-08-16 15:33:03.8586,23254,789e2fd75b1926e71fcc358f81a774b5,anonymous,NULL,Closed,11,0.0000,0.0000,Stopped,1.3357,30,0.0000,0,0.0000,0,0.3667,0,0.0000,0,0.0000,0,0.0000,NA,NULL,NULL,NULL,NULL
