Event,Timestamp,Framecount,SessionID,Email,BCIState,InputWindow,InputWindowOrder,InterTrialTimer,InputWindowTimer,GameState,CurrentFabAlarm,AccInputTrialsLeft,AccInputRate,FabInputTrialsLeft,FabInputRate,RejInputTrialsLeft,RejInputRate,AssistSuccessTrialsLeft,AssistSuccessRate,AssistFailTrialsLeft,AssistFailRate,ExplicitShamTrialsLeft,ExplicitShamRate,TrialResult,TrialGoal,BCIConfidence,InputNumber,BCIThresholdBuffer
BCIStateUpdated,2021-08-16 15:38:31.0382,1,ef322d9d32eccd32d55467c642cbbaf4,anonymous,Connecting,NULL,NULL,NULL,NULL,NULL,NULL,NULL,NULL,NULL,NULL,NULL,NULL,NULL,NULL,NULL,NULL,NULL,NULL,NULL,NULL,NULL,NULL,NULL
BCIStateUpdated,2021-08-16 15:38:35.0944,4,ef322d9d32eccd32d55467c642cbbaf4,anonymous,ReceivingHeader,NULL,NULL,NULL,NULL,NULL,NULL,NULL,NULL,NULL,NULL,NULL,NULL,NULL,NULL,NULL,NULL,NULL,NULL,NULL,NULL,NULL,NULL,NULL
BCIStateUpdated,2021-08-16 15:38:35.4728,15,ef322d9d32eccd32d55467c642cbbaf4,anonymous,ReceivingData,NULL,NULL,NULL,NULL,NULL,NULL,NULL,NULL,NULL,NULL,NULL,NULL,NULL,NULL,NULL,NULL,NULL,NULL,NULL,NULL,NULL,NULL,NULL
GameRunning,2021-08-16 15:38:47.4783,544,ef322d9d32eccd32d55467c642cbbaf4,anonymous,NULL,Closed,0,0.0000,0.0000,Running,0.0000,30,0.0000,0,0.0000,0,0.0000,0,0.0000,0,0.0000,0,0.0000,NA,NULL,NULL,NULL,NULL
InputWindowChange,2021-08-16 15:39:02.4723,1226,ef322d9d32eccd32d55467c642cbbaf4,anonymous,NULL,Open,0,0.0000,0.0000,Running,1.5942,30,0.0000,0,0.0000,0,0.0000,0,0.0000,0,0.0000,0,0.0000,NA,NULL,NULL,NULL,NULL
InputWindowChange,2021-08-16 15:39:08.4722,1499,ef322d9d32eccd32d55467c642cbbaf4,anonymous,NULL,Closed,0,0.0064,0.0000,Running,1.5942,30,0.0000,0,0.0000,0,0.0000,0,0.0000,0,0.0000,0,0.0000,NA,NULL,NULL,NULL,NULL
GameDecision,2021-08-16 15:39:08.4766,1499,ef322d9d32eccd32d55467c642cbbaf4,anonymous,NULL,Closed,0,0.0064,0.0000,Running,1.5942,30,0.0000,0,0.0000,0,0.0333,0,0.0000,0,0.0000,0,0.0000,RejInput,AccInput,NULL,NULL,NULL
InputWindowChange,2021-08-16 15:39:23.4830,2192,ef322d9d32eccd32d55467c642cbbaf4,anonymous,NULL,Open,1,0.0000,0.0000,Running,2.2098,30,0.0000,0,0.0000,0,0.0333,0,0.0000,0,0.0000,0,0.0000,NA,NULL,NULL,NULL,NULL
MotorImagery,2021-08-16 15:39:23.9919,2215,ef322d9d32eccd32d55467c642cbbaf4,anonymous,ReceivingData,NULL,NULL,NULL,NULL,NULL,NULL,NULL,NULL,NULL,NULL,NULL,NULL,NULL,NULL,NULL,NULL,NULL,NULL,NULL,NULL,0.7481,1,(0.735 0.746 0.743 0.733 0.728 0.748 0.723 0.737 )
Rest,2021-08-16 15:39:24.0078,2216,ef322d9d32eccd32d55467c642cbbaf4,anonymous,ReceivingData,NULL,NULL,NULL,NULL,NULL,NULL,NULL,NULL,NULL,NULL,NULL,NULL,NULL,NULL,NULL,NULL,NULL,NULL,NULL,NULL,0.7651,1,(0.735 0.746 0.743 0.733 0.728 0.748 0.723 0.737 )
InputWindowChange,2021-08-16 15:39:39.0046,2898,ef322d9d32eccd32d55467c642cbbaf4,anonymous,NULL,Open,1,0.0000,0.5018,Running,4.4114,30,0.0000,0,0.0000,0,0.0333,0,0.0000,0,0.0000,0,0.0000,NA,NULL,NULL,NULL,NULL
InputWindowChange,2021-08-16 15:39:44.5053,3146,ef322d9d32eccd32d55467c642cbbaf4,anonymous,NULL,Closed,1,0.0001,0.0000,Running,4.4114,30,0.0000,0,0.0000,0,0.0333,0,0.0000,0,0.0000,0,0.0000,NA,NULL,NULL,NULL,NULL
GameDecision,2021-08-16 15:39:44.5068,3146,ef322d9d32eccd32d55467c642cbbaf4,anonymous,NULL,Closed,1,0.0001,0.0000,Running,4.4114,30,0.0000,0,0.0000,0,0.0667,0,0.0000,0,0.0000,0,0.0000,RejInput,AccInput,NULL,NULL,NULL
InputWindowChange,2021-08-16 15:39:59.5350,3831,ef322d9d32eccd32d55467c642cbbaf4,anonymous,NULL,Open,2,0.0000,0.0000,Running,1.3664,30,0.0000,0,0.0000,0,0.0667,0,0.0000,0,0.0000,0,0.0000,NA,NULL,NULL,NULL,NULL
MotorImagery,2021-08-16 15:40:02.3745,3961,ef322d9d32eccd32d55467c642cbbaf4,anonymous,ReceivingData,NULL,NULL,NULL,NULL,NULL,NULL,NULL,NULL,NULL,NULL,NULL,NULL,NULL,NULL,NULL,NULL,NULL,NULL,NULL,NULL,0.7540,2,(0.742 0.752 0.757 0.762 0.754 0.748 0.745 0.772 )
Rest,2021-08-16 15:40:02.3984,3962,ef322d9d32eccd32d55467c642cbbaf4,anonymous,ReceivingData,NULL,NULL,NULL,NULL,NULL,NULL,NULL,NULL,NULL,NULL,NULL,NULL,NULL,NULL,NULL,NULL,NULL,NULL,NULL,NULL,0.7174,2,(0.742 0.752 0.757 0.762 0.754 0.748 0.745 0.772 )
InputWindowChange,2021-08-16 15:40:17.3724,4652,ef322d9d32eccd32d55467c642cbbaf4,anonymous,NULL,Open,2,0.0000,2.8370,Running,1.7017,30,0.0000,0,0.0000,0,0.0667,0,0.0000,0,0.0000,0,0.0000,NA,NULL,NULL,NULL,NULL
MotorImagery,2021-08-16 15:40:19.7259,4760,ef322d9d32eccd32d55467c642cbbaf4,anonymous,ReceivingData,NULL,NULL,NULL,NULL,NULL,NULL,NULL,NULL,NULL,NULL,NULL,NULL,NULL,NULL,NULL,NULL,NULL,NULL,NULL,NULL,0.8042,3,(0.812 0.803 0.806 0.804 0.753 0.766 0.786 0.801 )
Rest,2021-08-16 15:40:19.7427,4761,ef322d9d32eccd32d55467c642cbbaf4,anonymous,ReceivingData,NULL,NULL,NULL,NULL,NULL,NULL,NULL,NULL,NULL,NULL,NULL,NULL,NULL,NULL,NULL,NULL,NULL,NULL,NULL,NULL,0.7673,3,(0.812 0.803 0.806 0.804 0.753 0.766 0.786 0.801 )
InputWindowChange,2021-08-16 15:40:34.7370,5454,ef322d9d32eccd32d55467c642cbbaf4,anonymous,NULL,Open,2,0.0000,5.1799,Running,3.6058,30,0.0000,0,0.0000,0,0.0667,0,0.0000,0,0.0000,0,0.0000,NA,NULL,NULL,NULL,NULL
InputWindowChange,2021-08-16 15:40:35.5722,5493,ef322d9d32eccd32d55467c642cbbaf4,anonymous,NULL,Closed,2,0.0168,0.0000,Running,3.6058,30,0.0000,0,0.0000,0,0.0667,0,0.0000,0,0.0000,0,0.0000,NA,NULL,NULL,NULL,NULL
GameDecision,2021-08-16 15:40:35.5732,5493,ef322d9d32eccd32d55467c642cbbaf4,anonymous,NULL,Closed,2,0.0168,0.0000,Running,3.6058,30,0.0000,0,0.0000,0,0.1000,0,0.0000,0,0.0000,0,0.0000,RejInput,AccInput,NULL,NULL,NULL
InputWindowChange,2021-08-16 15:40:50.5670,6184,ef322d9d32eccd32d55467c642cbbaf4,anonymous,NULL,Open,3,0.0000,0.0000,Running,2.3226,30,0.0000,0,0.0000,0,0.1000,0,0.0000,0,0.0000,0,0.0000,NA,NULL,NULL,NULL,NULL
InputWindowChange,2021-08-16 15:40:56.5868,6462,ef322d9d32eccd32d55467c642cbbaf4,anonymous,NULL,Closed,3,0.0134,0.0000,Running,2.3226,30,0.0000,0,0.0000,0,0.1000,0,0.0000,0,0.0000,0,0.0000,NA,NULL,NULL,NULL,NULL
GameDecision,2021-08-16 15:40:56.5904,6462,ef322d9d32eccd32d55467c642cbbaf4,anonymous,NULL,Closed,3,0.0134,0.0000,Running,2.3226,30,0.0000,0,0.0000,0,0.1333,0,0.0000,0,0.0000,0,0.0000,RejInput,AccInput,NULL,NULL,NULL
InputWindowChange,2021-08-16 15:41:11.5808,7130,ef322d9d32eccd32d55467c642cbbaf4,anonymous,NULL,Open,4,0.0000,0.0000,Running,3.0173,30,0.0000,0,0.0000,0,0.1333,0,0.0000,0,0.0000,0,0.0000,NA,NULL,NULL,NULL,NULL
InputWindowChange,2021-08-16 15:41:17.5935,7402,ef322d9d32eccd32d55467c642cbbaf4,anonymous,NULL,Closed,4,0.0055,0.0000,Running,3.0173,30,0.0000,0,0.0000,0,0.1333,0,0.0000,0,0.0000,0,0.0000,NA,NULL,NULL,NULL,NULL
GameDecision,2021-08-16 15:41:17.5970,7402,ef322d9d32eccd32d55467c642cbbaf4,anonymous,NULL,Closed,4,0.0055,0.0000,Running,3.0173,30,0.0000,0,0.0000,0,0.1667,0,0.0000,0,0.0000,0,0.0000,RejInput,AccInput,NULL,NULL,NULL
InputWindowChange,2021-08-16 15:41:32.6028,8089,ef322d9d32eccd32d55467c642cbbaf4,anonymous,NULL,Open,5,0.0000,0.0000,Running,1.6124,30,0.0000,0,0.0000,0,0.1667,0,0.0000,0,0.0000,0,0.0000,NA,NULL,NULL,NULL,NULL
InputWindowChange,2021-08-16 15:41:38.6048,8360,ef322d9d32eccd32d55467c642cbbaf4,anonymous,NULL,Closed,5,0.0094,0.0000,Running,1.6124,30,0.0000,0,0.0000,0,0.1667,0,0.0000,0,0.0000,0,0.0000,NA,NULL,NULL,NULL,NULL
GameDecision,2021-08-16 15:41:38.6069,8360,ef322d9d32eccd32d55467c642cbbaf4,anonymous,NULL,Closed,5,0.0094,0.0000,Running,1.6124,30,0.0000,0,0.0000,0,0.2000,0,0.0000,0,0.0000,0,0.0000,RejInput,AccInput,NULL,NULL,NULL
InputWindowChange,2021-08-16 15:41:53.6052,9040,ef322d9d32eccd32d55467c642cbbaf4,anonymous,NULL,Open,6,0.0000,0.0000,Running,4.4372,30,0.0000,0,0.0000,0,0.2000,0,0.0000,0,0.0000,0,0.0000,NA,NULL,NULL,NULL,NULL
InputWindowChange,2021-08-16 15:41:59.6130,9315,ef322d9d32eccd32d55467c642cbbaf4,anonymous,NULL,Closed,6,0.0087,0.0000,Running,4.4372,30,0.0000,0,0.0000,0,0.2000,0,0.0000,0,0.0000,0,0.0000,NA,NULL,NULL,NULL,NULL
GameDecision,2021-08-16 15:41:59.6179,9315,ef322d9d32eccd32d55467c642cbbaf4,anonymous,NULL,Closed,6,0.0087,0.0000,Running,4.4372,30,0.0000,0,0.0000,0,0.2333,0,0.0000,0,0.0000,0,0.0000,RejInput,AccInput,NULL,NULL,NULL
InputWindowChange,2021-08-16 15:42:14.6269,10000,ef322d9d32eccd32d55467c642cbbaf4,anonymous,NULL,Open,7,0.0000,0.0000,Running,1.2696,30,0.0000,0,0.0000,0,0.2333,0,0.0000,0,0.0000,0,0.0000,NA,NULL,NULL,NULL,NULL
MotorImagery,2021-08-16 15:42:17.7750,10145,ef322d9d32eccd32d55467c642cbbaf4,anonymous,ReceivingData,NULL,NULL,NULL,NULL,NULL,NULL,NULL,NULL,NULL,NULL,NULL,NULL,NULL,NULL,NULL,NULL,NULL,NULL,NULL,NULL,0.7217,4,(0.722 0.722 0.726 0.745 0.744 0.764 0.765 0.747 )
Rest,2021-08-16 15:42:17.8031,10146,ef322d9d32eccd32d55467c642cbbaf4,anonymous,ReceivingData,NULL,NULL,NULL,NULL,NULL,NULL,NULL,NULL,NULL,NULL,NULL,NULL,NULL,NULL,NULL,NULL,NULL,NULL,NULL,NULL,0.7272,4,(0.722 0.722 0.726 0.745 0.744 0.764 0.765 0.747 )
InputWindowChange,2021-08-16 15:42:32.7825,10832,ef322d9d32eccd32d55467c642cbbaf4,anonymous,NULL,Open,7,0.0000,3.1549,Running,2.4928,30,0.0000,0,0.0000,0,0.2333,0,0.0000,0,0.0000,0,0.0000,NA,NULL,NULL,NULL,NULL
MotorImagery,2021-08-16 15:42:35.1059,10940,ef322d9d32eccd32d55467c642cbbaf4,anonymous,ReceivingData,NULL,NULL,NULL,NULL,NULL,NULL,NULL,NULL,NULL,NULL,NULL,NULL,NULL,NULL,NULL,NULL,NULL,NULL,NULL,NULL,0.8117,5,(0.727 0.763 0.800 0.831 0.826 0.827 0.814 0.812 )
Rest,2021-08-16 15:42:35.1266,10941,ef322d9d32eccd32d55467c642cbbaf4,anonymous,ReceivingData,NULL,NULL,NULL,NULL,NULL,NULL,NULL,NULL,NULL,NULL,NULL,NULL,NULL,NULL,NULL,NULL,NULL,NULL,NULL,NULL,0.8214,5,(0.727 0.763 0.800 0.831 0.826 0.827 0.814 0.812 )
InputWindowChange,2021-08-16 15:42:50.1043,11629,ef322d9d32eccd32d55467c642cbbaf4,anonymous,NULL,Open,7,0.0000,5.4792,Running,1.1865,30,0.0000,0,0.0000,0,0.2333,0,0.0000,0,0.0000,0,0.0000,NA,NULL,NULL,NULL,NULL
InputWindowChange,2021-08-16 15:42:50.6389,11654,ef322d9d32eccd32d55467c642cbbaf4,anonymous,NULL,Closed,7,0.0091,0.0000,Running,1.1865,30,0.0000,0,0.0000,0,0.2333,0,0.0000,0,0.0000,0,0.0000,NA,NULL,NULL,NULL,NULL
GameDecision,2021-08-16 15:42:50.6399,11654,ef322d9d32eccd32d55467c642cbbaf4,anonymous,NULL,Closed,7,0.0091,0.0000,Running,1.1865,30,0.0000,0,0.0000,0,0.2667,0,0.0000,0,0.0000,0,0.0000,RejInput,AccInput,NULL,NULL,NULL
InputWindowChange,2021-08-16 15:43:05.6350,12346,ef322d9d32eccd32d55467c642cbbaf4,anonymous,NULL,Open,8,0.0000,0.0000,Running,1.7392,30,0.0000,0,0.0000,0,0.2667,0,0.0000,0,0.0000,0,0.0000,NA,NULL,NULL,NULL,NULL
MotorImagery,2021-08-16 15:43:09.1080,12506,ef322d9d32eccd32d55467c642cbbaf4,anonymous,ReceivingData,NULL,NULL,NULL,NULL,NULL,NULL,NULL,NULL,NULL,NULL,NULL,NULL,NULL,NULL,NULL,NULL,NULL,NULL,NULL,NULL,0.8269,6,(0.715 0.742 0.765 0.781 0.810 0.828 0.827 0.827 )
Rest,2021-08-16 15:43:09.1348,12507,ef322d9d32eccd32d55467c642cbbaf4,anonymous,ReceivingData,NULL,NULL,NULL,NULL,NULL,NULL,NULL,NULL,NULL,NULL,NULL,NULL,NULL,NULL,NULL,NULL,NULL,NULL,NULL,NULL,0.7876,6,(0.715 0.742 0.765 0.781 0.810 0.828 0.827 0.827 )
InputWindowChange,2021-08-16 15:43:24.1114,13193,ef322d9d32eccd32d55467c642cbbaf4,anonymous,NULL,Open,8,0.0000,3.4694,Running,1.3418,30,0.0000,0,0.0000,0,0.2667,0,0.0000,0,0.0000,0,0.0000,NA,NULL,NULL,NULL,NULL
MotorImagery,2021-08-16 15:43:25.4707,13256,ef322d9d32eccd32d55467c642cbbaf4,anonymous,ReceivingData,NULL,NULL,NULL,NULL,NULL,NULL,NULL,NULL,NULL,NULL,NULL,NULL,NULL,NULL,NULL,NULL,NULL,NULL,NULL,NULL,0.8605,7,(0.748 0.793 0.800 0.856 0.848 0.854 0.861 0.717 )
Rest,2021-08-16 15:43:25.4978,13257,ef322d9d32eccd32d55467c642cbbaf4,anonymous,ReceivingData,NULL,NULL,NULL,NULL,NULL,NULL,NULL,NULL,NULL,NULL,NULL,NULL,NULL,NULL,NULL,NULL,NULL,NULL,NULL,NULL,0.8634,7,(0.748 0.793 0.800 0.856 0.848 0.854 0.861 0.717 )
InputWindowChange,2021-08-16 15:43:40.4763,13939,ef322d9d32eccd32d55467c642cbbaf4,anonymous,NULL,Open,8,0.0000,4.8286,Running,3.2076,30,0.0000,0,0.0000,0,0.2667,0,0.0000,0,0.0000,0,0.0000,NA,NULL,NULL,NULL,NULL
InputWindowChange,2021-08-16 15:43:41.6692,13994,ef322d9d32eccd32d55467c642cbbaf4,anonymous,NULL,Closed,8,0.0207,0.0000,Running,3.2076,30,0.0000,0,0.0000,0,0.2667,0,0.0000,0,0.0000,0,0.0000,NA,NULL,NULL,NULL,NULL
GameDecision,2021-08-16 15:43:41.6702,13994,ef322d9d32eccd32d55467c642cbbaf4,anonymous,NULL,Closed,8,0.0207,0.0000,Running,3.2076,30,0.0000,0,0.0000,0,0.3000,0,0.0000,0,0.0000,0,0.0000,RejInput,AccInput,NULL,NULL,NULL
InputWindowChange,2021-08-16 15:43:56.6608,14684,ef322d9d32eccd32d55467c642cbbaf4,anonymous,NULL,Open,9,0.0000,0.0000,Running,4.3024,30,0.0000,0,0.0000,0,0.3000,0,0.0000,0,0.0000,0,0.0000,NA,NULL,NULL,NULL,NULL
InputWindowChange,2021-08-16 15:44:02.6615,14959,ef322d9d32eccd32d55467c642cbbaf4,anonymous,NULL,Closed,9,0.0032,0.0000,Running,4.3024,30,0.0000,0,0.0000,0,0.3000,0,0.0000,0,0.0000,0,0.0000,NA,NULL,NULL,NULL,NULL
GameDecision,2021-08-16 15:44:02.6648,14959,ef322d9d32eccd32d55467c642cbbaf4,anonymous,NULL,Closed,9,0.0032,0.0000,Running,4.3024,30,0.0000,0,0.0000,0,0.3333,0,0.0000,0,0.0000,0,0.0000,RejInput,AccInput,NULL,NULL,NULL
InputWindowChange,2021-08-16 15:44:17.6669,15652,ef322d9d32eccd32d55467c642cbbaf4,anonymous,NULL,Open,10,0.0000,0.0000,Running,2.3913,30,0.0000,0,0.0000,0,0.3333,0,0.0000,0,0.0000,0,0.0000,NA,NULL,NULL,NULL,NULL
MotorImagery,2021-08-16 15:44:19.6549,15744,ef322d9d32eccd32d55467c642cbbaf4,anonymous,ReceivingData,NULL,NULL,NULL,NULL,NULL,NULL,NULL,NULL,NULL,NULL,NULL,NULL,NULL,NULL,NULL,NULL,NULL,NULL,NULL,NULL,0.8632,8,(0.723 0.722 0.781 0.800 0.811 0.826 0.847 0.863 )
Rest,2021-08-16 15:44:19.6781,15745,ef322d9d32eccd32d55467c642cbbaf4,anonymous,ReceivingData,NULL,NULL,NULL,NULL,NULL,NULL,NULL,NULL,NULL,NULL,NULL,NULL,NULL,NULL,NULL,NULL,NULL,NULL,NULL,NULL,0.8739,8,(0.723 0.722 0.781 0.800 0.811 0.826 0.847 0.863 )
InputWindowChange,2021-08-16 15:44:34.6665,16426,ef322d9d32eccd32d55467c642cbbaf4,anonymous,NULL,Open,10,0.0000,1.9882,Running,2.2212,30,0.0000,0,0.0000,0,0.3333,0,0.0000,0,0.0000,0,0.0000,NA,NULL,NULL,NULL,NULL
MotorImagery,2021-08-16 15:44:34.9812,16441,ef322d9d32eccd32d55467c642cbbaf4,anonymous,ReceivingData,NULL,NULL,NULL,NULL,NULL,NULL,NULL,NULL,NULL,NULL,NULL,NULL,NULL,NULL,NULL,NULL,NULL,NULL,NULL,NULL,0.8261,9,(0.826 0.722 0.781 0.800 0.811 0.826 0.847 0.863 )
Rest,2021-08-16 15:44:35.0065,16442,ef322d9d32eccd32d55467c642cbbaf4,anonymous,ReceivingData,NULL,NULL,NULL,NULL,NULL,NULL,NULL,NULL,NULL,NULL,NULL,NULL,NULL,NULL,NULL,NULL,NULL,NULL,NULL,NULL,0.8245,9,(0.826 0.722 0.781 0.800 0.811 0.826 0.847 0.863 )
InputWindowChange,2021-08-16 15:44:49.9896,17138,ef322d9d32eccd32d55467c642cbbaf4,anonymous,NULL,Open,10,0.0000,2.2964,Running,4.1230,30,0.0000,0,0.0000,0,0.3333,0,0.0000,0,0.0000,0,0.0000,NA,NULL,NULL,NULL,NULL
InputWindowChange,2021-08-16 15:44:53.7017,17309,ef322d9d32eccd32d55467c642cbbaf4,anonymous,NULL,Closed,10,0.0158,0.0000,Running,4.1230,30,0.0000,0,0.0000,0,0.3333,0,0.0000,0,0.0000,0,0.0000,NA,NULL,NULL,NULL,NULL
GameDecision,2021-08-16 15:44:53.7027,17309,ef322d9d32eccd32d55467c642cbbaf4,anonymous,NULL,Closed,10,0.0158,0.0000,Running,4.1230,30,0.0000,0,0.0000,0,0.3667,0,0.0000,0,0.0000,0,0.0000,RejInput,AccInput,NULL,NULL,NULL
InputWindowChange,2021-08-16 15:45:08.7096,18000,ef322d9d32eccd32d55467c642cbbaf4,anonymous,NULL,Open,11,0.0000,0.0000,Running,1.3144,30,0.0000,0,0.0000,0,0.3667,0,0.0000,0,0.0000,0,0.0000,NA,NULL,NULL,NULL,NULL
MotorImagery,2021-08-16 15:45:09.1397,18020,ef322d9d32eccd32d55467c642cbbaf4,anonymous,ReceivingData,NULL,NULL,NULL,NULL,NULL,NULL,NULL,NULL,NULL,NULL,NULL,NULL,NULL,NULL,NULL,NULL,NULL,NULL,NULL,NULL,0.7921,10,(0.815 0.807 0.796 0.792 0.792 0.787 0.835 0.839 )
Rest,2021-08-16 15:45:09.1654,18021,ef322d9d32eccd32d55467c642cbbaf4,anonymous,ReceivingData,NULL,NULL,NULL,NULL,NULL,NULL,NULL,NULL,NULL,NULL,NULL,NULL,NULL,NULL,NULL,NULL,NULL,NULL,NULL,NULL,0.7758,10,(0.815 0.807 0.796 0.792 0.792 0.787 0.835 0.839 )
InputWindowChange,2021-08-16 15:45:24.1631,18707,ef322d9d32eccd32d55467c642cbbaf4,anonymous,NULL,Open,11,0.0000,0.4325,Running,3.1275,30,0.0000,0,0.0000,0,0.3667,0,0.0000,0,0.0000,0,0.0000,NA,NULL,NULL,NULL,NULL
MotorImagery,2021-08-16 15:45:25.4048,18764,ef322d9d32eccd32d55467c642cbbaf4,anonymous,ReceivingData,NULL,NULL,NULL,NULL,NULL,NULL,NULL,NULL,NULL,NULL,NULL,NULL,NULL,NULL,NULL,NULL,NULL,NULL,NULL,NULL,0.8421,11,(0.798 0.797 0.807 0.816 0.830 0.842 0.777 0.790 )
Rest,2021-08-16 15:45:25.4319,18765,ef322d9d32eccd32d55467c642cbbaf4,anonymous,ReceivingData,NULL,NULL,NULL,NULL,NULL,NULL,NULL,NULL,NULL,NULL,NULL,NULL,NULL,NULL,NULL,NULL,NULL,NULL,NULL,NULL,0.8450,11,(0.798 0.797 0.807 0.816 0.830 0.842 0.777 0.790 )
InputWindowChange,2021-08-16 15:45:40.4028,19452,ef322d9d32eccd32d55467c642cbbaf4,anonymous,NULL,Open,11,0.0000,1.6713,Running,2.6807,30,0.0000,0,0.0000,0,0.3667,0,0.0000,0,0.0000,0,0.0000,NA,NULL,NULL,NULL,NULL
MotorImagery,2021-08-16 15:45:41.4069,19497,ef322d9d32eccd32d55467c642cbbaf4,anonymous,ReceivingData,NULL,NULL,NULL,NULL,NULL,NULL,NULL,NULL,NULL,NULL,NULL,NULL,NULL,NULL,NULL,NULL,NULL,NULL,NULL,NULL,0.8626,12,(0.726 0.770 0.795 0.841 0.873 0.882 0.870 0.863 )
Rest,2021-08-16 15:45:41.6814,19510,ef322d9d32eccd32d55467c642cbbaf4,anonymous,ReceivingData,NULL,NULL,NULL,NULL,NULL,NULL,NULL,NULL,NULL,NULL,NULL,NULL,NULL,NULL,NULL,NULL,NULL,NULL,NULL,NULL,0.8612,12,(0.726 0.770 0.795 0.841 0.873 0.882 0.870 0.863 )
InputWindowChange,2021-08-16 15:45:56.4193,20189,ef322d9d32eccd32d55467c642cbbaf4,anonymous,NULL,Open,11,0.0000,2.6708,Running,4.3862,30,0.0000,0,0.0000,0,0.3667,0,0.0000,0,0.0000,0,0.0000,NA,NULL,NULL,NULL,NULL
MotorImagery,2021-08-16 15:45:56.5758,20196,ef322d9d32eccd32d55467c642cbbaf4,anonymous,ReceivingData,NULL,NULL,NULL,NULL,NULL,NULL,NULL,NULL,NULL,NULL,NULL,NULL,NULL,NULL,NULL,NULL,NULL,NULL,NULL,NULL,0.7671,13,(0.767 0.770 0.795 0.841 0.873 0.882 0.870 0.863 )
Rest,2021-08-16 15:45:56.6027,20197,ef322d9d32eccd32d55467c642cbbaf4,anonymous,ReceivingData,NULL,NULL,NULL,NULL,NULL,NULL,NULL,NULL,NULL,NULL,NULL,NULL,NULL,NULL,NULL,NULL,NULL,NULL,NULL,NULL,0.7600,13,(0.767 0.770 0.795 0.841 0.873 0.882 0.870 0.863 )
InputWindowChange,2021-08-16 15:46:11.5839,20871,ef322d9d32eccd32d55467c642cbbaf4,anonymous,NULL,Open,11,0.0000,2.8299,Running,4.2765,30,0.0000,0,0.0000,0,0.3667,0,0.0000,0,0.0000,0,0.0000,NA,NULL,NULL,NULL,NULL
InputWindowChange,2021-08-16 15:46:14.7744,21018,ef322d9d32eccd32d55467c642cbbaf4,anonymous,NULL,Closed,11,0.0200,0.0000,Running,4.2765,30,0.0000,0,0.0000,0,0.3667,0,0.0000,0,0.0000,0,0.0000,NA,NULL,NULL,NULL,NULL
GameDecision,2021-08-16 15:46:14.7764,21018,ef322d9d32eccd32d55467c642cbbaf4,anonymous,NULL,Closed,11,0.0200,0.0000,Running,4.2765,30,0.0000,0,0.0000,0,0.4000,0,0.0000,0,0.0000,0,0.0000,RejInput,AccInput,NULL,NULL,NULL
InputWindowChange,2021-08-16 15:46:29.7657,21646,ef322d9d32eccd32d55467c642cbbaf4,anonymous,NULL,Open,12,0.0000,0.0000,Running,2.6534,30,0.0000,0,0.0000,0,0.4000,0,0.0000,0,0.0000,0,0.0000,NA,NULL,NULL,NULL,NULL
MotorImagery,2021-08-16 15:46:30.1888,21665,ef322d9d32eccd32d55467c642cbbaf4,anonymous,ReceivingData,NULL,NULL,NULL,NULL,NULL,NULL,NULL,NULL,NULL,NULL,NULL,NULL,NULL,NULL,NULL,NULL,NULL,NULL,NULL,NULL,0.7515,14,(0.801 0.759 0.751 0.713 0.767 0.785 0.795 0.814 )
Rest,2021-08-16 15:46:30.2084,21666,ef322d9d32eccd32d55467c642cbbaf4,anonymous,ReceivingData,NULL,NULL,NULL,NULL,NULL,NULL,NULL,NULL,NULL,NULL,NULL,NULL,NULL,NULL,NULL,NULL,NULL,NULL,NULL,NULL,0.7349,14,(0.801 0.759 0.751 0.713 0.767 0.785 0.795 0.814 )
InputWindowChange,2021-08-16 15:46:45.1848,22349,ef322d9d32eccd32d55467c642cbbaf4,anonymous,NULL,Open,12,0.0000,0.4113,Running,4.4808,30,0.0000,0,0.0000,0,0.4000,0,0.0000,0,0.0000,0,0.0000,NA,NULL,NULL,NULL,NULL
InputWindowChange,2021-08-16 15:46:50.7864,22602,ef322d9d32eccd32d55467c642cbbaf4,anonymous,NULL,Closed,12,0.0106,0.0000,Running,4.4808,30,0.0000,0,0.0000,0,0.4000,0,0.0000,0,0.0000,0,0.0000,NA,NULL,NULL,NULL,NULL
GameDecision,2021-08-16 15:46:50.7909,22602,ef322d9d32eccd32d55467c642cbbaf4,anonymous,NULL,Closed,12,0.0106,0.0000,Running,4.4808,30,0.0000,0,0.0000,0,0.4333,0,0.0000,0,0.0000,0,0.0000,RejInput,AccInput,NULL,NULL,NULL
InputWindowChange,2021-08-16 15:47:05.7752,23279,ef322d9d32eccd32d55467c642cbbaf4,anonymous,NULL,Open,13,0.0000,0.0000,Running,4.2623,30,0.0000,0,0.0000,0,0.4333,0,0.0000,0,0.0000,0,0.0000,NA,NULL,NULL,NULL,NULL
MotorImagery,2021-08-16 15:47:06.2784,23302,ef322d9d32eccd32d55467c642cbbaf4,anonymous,ReceivingData,NULL,NULL,NULL,NULL,NULL,NULL,NULL,NULL,NULL,NULL,NULL,NULL,NULL,NULL,NULL,NULL,NULL,NULL,NULL,NULL,0.7989,15,(0.888 0.859 0.845 0.799 0.955 0.957 0.928 0.909 )
Rest,2021-08-16 15:47:06.3040,23303,ef322d9d32eccd32d55467c642cbbaf4,anonymous,ReceivingData,NULL,NULL,NULL,NULL,NULL,NULL,NULL,NULL,NULL,NULL,NULL,NULL,NULL,NULL,NULL,NULL,NULL,NULL,NULL,NULL,0.7459,15,(0.888 0.859 0.845 0.799 0.955 0.957 0.928 0.909 )
InputWindowChange,2021-08-16 15:47:21.3009,23987,ef322d9d32eccd32d55467c642cbbaf4,anonymous,NULL,Open,13,0.0000,0.5076,Running,4.2742,30,0.0000,0,0.0000,0,0.4333,0,0.0000,0,0.0000,0,0.0000,NA,NULL,NULL,NULL,NULL
MotorImagery,2021-08-16 15:47:22.5422,24044,ef322d9d32eccd32d55467c642cbbaf4,anonymous,ReceivingData,NULL,NULL,NULL,NULL,NULL,NULL,NULL,NULL,NULL,NULL,NULL,NULL,NULL,NULL,NULL,NULL,NULL,NULL,NULL,NULL,0.7793,16,(0.769 0.768 0.746 0.737 0.777 0.779 0.725 0.761 )
Rest,2021-08-16 15:47:22.5678,24045,ef322d9d32eccd32d55467c642cbbaf4,anonymous,ReceivingData,NULL,NULL,NULL,NULL,NULL,NULL,NULL,NULL,NULL,NULL,NULL,NULL,NULL,NULL,NULL,NULL,NULL,NULL,NULL,NULL,0.7585,16,(0.769 0.768 0.746 0.737 0.777 0.779 0.725 0.761 )
InputWindowChange,2021-08-16 15:47:37.5649,24725,ef322d9d32eccd32d55467c642cbbaf4,anonymous,NULL,Open,13,0.0000,1.7480,Running,4.1488,30,0.0000,0,0.0000,0,0.4333,0,0.0000,0,0.0000,0,0.0000,NA,NULL,NULL,NULL,NULL
InputWindowChange,2021-08-16 15:47:41.8369,24920,ef322d9d32eccd32d55467c642cbbaf4,anonymous,NULL,Closed,13,0.0228,0.0000,Running,4.1488,30,0.0000,0,0.0000,0,0.4333,0,0.0000,0,0.0000,0,0.0000,NA,NULL,NULL,NULL,NULL
GameDecision,2021-08-16 15:47:41.8389,24920,ef322d9d32eccd32d55467c642cbbaf4,anonymous,NULL,Closed,13,0.0228,0.0000,Running,4.1488,30,0.0000,0,0.0000,0,0.4667,0,0.0000,0,0.0000,0,0.0000,RejInput,AccInput,NULL,NULL,NULL
GameStopped,2021-08-16 15:47:51.2667,25349,ef322d9d32eccd32d55467c642cbbaf4,anonymous,NULL,Closed,14,0.0000,0.0000,Stopped,4.1488,30,0.0000,0,0.0000,0,0.4667,0,0.0000,0,0.0000,0,0.0000,NA,NULL,NULL,NULL,NULL
